             id,predictions
0,45046.18328
1,45062.11119
2,45156.01823
3,45308.37094
4,45362.0779
5,45478.78963
6,4568959800
7,45820.54697
8,45816.75918
9,45995.99305
10,46042.4693
11,46042.57816
12,46042.57816
13,46042.5859
14,46042.58744
15,46042.58419
16,46042.54819
17,46042.18119
18,46041.40625
19,46030.504
20,45938.81682
21,45680..166099
22,45283.12779
23,45044.12779
24,45044.12779
25,45078.73483
26,45320.18136
27,45512.91914
28,45363.89169
29,45257.7714
